text,font,font_size,is_bold,is_italic,is_underline,is_all_caps,is_centered,contains_number,contains_fullstop,word_count,x0,y0,x1,y1,space_above,space_below,space_left,space_right,page_number,norm_font_size,norm_space_above,norm_space_below,norm_space_left,norm_space_right
Overview,"Arial,Bold",24,True,False,False,False,True,False,False,1,252.65,189.62,365.95,216.38,189.62,28.46,252.65,246.05,1,1.0,0.3938,0.148,0.43,0.4532
Foundation Level Extensions,"Arial,Bold",24,True,False,False,False,True,False,False,3,139.35,244.84,479.36,271.6,28.46,110.83,139.35,132.64,1,1.0,0.148,0.2736,0.1619,0.1647
Version 1.0,Arial,12,False,False,False,False,True,True,True,2,275.69,382.43,339.82,395.81,110.83,69.89,275.69,272.18,1,0.3333,0.2736,0.2112,0.4845,0.5196
International Software Testing Qualifications Board,Arial,18,False,False,False,False,True,False,False,5,103.34,465.7,513.42,485.77,69.89,38.03,103.34,98.58,1,0.6667,0.2112,0.1626,0.0767,0.078
"Copyright Notice  This document may be copied in its entirety, or extracts made, if the source is acknowledged.",Arial,10,False,False,False,False,False,False,True,18,70.94,652.29,484.99,674.92,21.14,117.08,70.94,127.01,1,0.2222,0.1369,0.2832,0.0,0.1503
International  Overview  Software Testing  Foundation Level Extension –   Agile Tester  Qualifications,Arial,10,False,False,False,False,False,False,False,11,74.42,38.63,515.69,72.77,-36.52,-11.11,74.42,96.31,2,0.2222,0.049,0.0877,0.0083,0.0722
Board,Arial,10,False,False,False,False,False,False,False,1,493.55,61.67,522.84,72.77,-11.11,47.59,493.55,89.16,2,0.2222,0.0877,0.1772,1.0,0.0541
Copyright © International Software Testing Qualifications Board (hereinafter called ISTQB®).,Arial,10,False,False,False,False,False,False,True,10,70.94,120.37,483.25,131.47,47.59,587.21,70.94,128.75,2,0.2222,0.1772,1.0,0.0,0.1548
"Version 2014  Page 2 of 12  May 31, 2014",Trebuchet MS,10,False,False,False,False,True,True,False,9,76.58,718.68,533.13,730.08,587.21,6.81,76.58,78.87,2,0.2222,1.0,0.115,0.0134,0.0279
© International Software Testing Qualifications Board,Arial,6,False,False,True,False,False,False,False,6,76.58,736.89,219.29,743.58,6.81,48.42,76.58,392.71,2,0.0,0.115,0.1785,0.0134,0.8263
International  Overview  Software Testing  Foundation Level Extension –   Agile Tester,Arial,10,False,False,False,False,False,False,False,10,74.42,38.63,515.69,70.24,-36.52,-8.57,74.42,96.31,3,0.2222,0.049,0.0916,0.0083,0.0722
Qualifications Board,Arial,10,False,False,False,False,False,False,False,2,430.75,61.67,522.84,72.77,-8.57,36.16,430.75,89.16,3,0.2222,0.0916,0.1598,0.8514,0.0541
Revision History,"Arial,Bold",16,True,False,False,False,False,False,False,2,70.94,108.94,201.53,126.73,36.16,12.71,70.94,410.47,3,0.5556,0.1598,0.124,0.0,0.8714
Version  Date  Remarks  0.1  18 JUNE 2013  Initial version  0.2  23 JULY 2013  WG reviewed and confirmed  0.3  6 NOV 2013  amended population and diagram  0.7  11 DEC 2013  Amended Business Outcomes and Chapters matching  0.8  20 DEC 2013  Working group updates on 0.7  1.0  31 MAY 2014  GA release for Agile Extension,Arial,10,True,False,True,False,False,True,True,53,74.42,139.45,522.17,224.11,12.71,494.58,74.42,89.83,3,0.2222,0.124,0.8588,0.0083,0.0558
"Version 2014  Page 3 of 12  May 31, 2014",Trebuchet MS,10,False,False,False,False,True,True,False,9,76.58,718.69,533.13,730.08,494.58,6.81,76.58,78.87,3,0.2222,0.8588,0.115,0.0134,0.0279
© International Software Testing Qualifications Board,Arial,6,False,False,True,False,False,False,False,6,76.58,736.89,219.29,743.58,6.81,48.42,76.58,392.71,3,0.0,0.115,0.1785,0.0134,0.8263
International  Overview  Software Testing  Foundation Level Extension –   Agile Tester  Qualifications,Arial,10,False,False,False,False,False,False,False,11,74.42,38.63,515.69,72.77,-36.52,-11.11,74.42,96.31,4,0.2222,0.049,0.0877,0.0083,0.0722
Board,Arial,10,False,False,False,False,False,False,False,1,493.55,61.67,522.84,72.77,-11.11,36.16,493.55,89.16,4,0.2222,0.0877,0.1598,1.0,0.0541
Table of Contents,"Arial,Bold",16,True,False,False,False,False,False,False,3,70.94,108.94,208.76,126.73,36.16,17.99,70.94,403.24,4,0.5556,0.1598,0.1321,0.0,0.853
..........................................................................................................................................,"Arial,Bold",10,True,False,False,False,False,False,True,1,151.82,144.73,535.53,155.83,17.99,-11.11,151.82,76.47,4,0.2222,0.1321,0.0877,0.1914,0.0218
Revision History  3,"Arial,Bold",10,True,False,False,False,True,True,False,3,70.94,144.73,543.49,155.83,-11.11,6.29,70.94,68.51,4,0.2222,0.0877,0.1142,0.0,0.0015
........................................................................................................................................,"Arial,Bold",10,True,False,False,False,False,False,True,1,157.34,162.13,535.53,173.23,6.29,-11.11,157.34,76.47,4,0.2222,0.1142,0.0877,0.2045,0.0218
Table of Contents  4,"Arial,Bold",10,True,False,False,False,True,True,False,4,70.94,162.13,543.49,173.23,-11.11,6.41,70.94,68.51,4,0.2222,0.0877,0.1144,0.0,0.0015
............................................................................,"Arial,Bold",10,True,False,False,False,False,False,True,1,322.97,179.65,535.54,190.75,6.41,-11.11,322.97,76.46,4,0.2222,0.1144,0.0877,0.5964,0.0218
1.  Introduction to the Foundation Level Extensions  6,"Arial,Bold",10,True,False,False,False,True,True,True,8,70.94,179.65,543.49,190.75,-11.11,6.41,70.94,68.51,4,0.2222,0.0877,0.1144,0.0,0.0015
...............................................................,"Arial,Bold",10,True,False,False,False,False,False,True,1,358.87,197.17,535.51,208.27,6.41,-11.11,358.87,76.49,4,0.2222,0.1144,0.0877,0.6813,0.0218
2.  Introduction to Foundation Level Agile Tester Extension  7,"Arial,Bold",10,True,False,False,False,True,True,True,9,70.94,197.17,543.49,208.27,-11.11,6.53,70.94,68.51,4,0.2222,0.0877,0.1146,0.0,0.0015
.....................................................................................................................  ............................................................................................................  ...................................................................................................................  ...................................................................................................................  ...................................................................................................  ......................................................................................................................,Arial,10,False,False,False,False,False,False,True,6,192.99,214.8,535.64,283.44,6.53,-68.63,192.99,76.36,4,0.2222,0.1146,0.0,0.2888,0.0215
2.1  Intended Audience  7  2.2  Career Paths for Testers  7  2.3  Learning Objectives  7  2.4  Entry Requirements  8  2.5  Structure and Course Duration 8  2.6  Keeping It Current 9,Arial,10,False,False,False,False,False,True,True,29,80.9,214.8,543.5,283.44,-68.63,4.82,80.9,68.5,4,0.2222,0.0,0.112,0.0236,0.0015
3.  Overview of the Foundation Level Extension –   Agile Tester Syllabus 10,"Arial,Bold",10,True,False,False,False,True,True,True,12,70.95,288.26,543.35,301.55,4.82,-11.81,70.95,68.65,4,0.2222,0.112,0.0866,0.0,0.0019
.........................................,"Arial,Bold",10,True,False,False,False,False,False,True,1,414.08,289.73,530.03,300.84,-11.81,6.53,414.08,81.97,4,0.2222,0.0866,0.1146,0.812,0.0358
.................................................................................................................  ....................................................................................................................................,Arial,10,False,False,False,False,False,False,True,2,146.9,307.37,529.86,329.88,6.53,-22.51,146.9,82.14,4,0.2222,0.1146,0.0703,0.1798,0.0362
3.1  Business Outcomes  10  3.2  Content 10,Arial,10,False,False,False,False,False,True,True,7,80.9,307.37,543.35,329.88,-22.51,6.29,80.9,68.65,4,0.2222,0.0703,0.1142,0.0236,0.0019
..........................................................................................................................................,"Arial,Bold",10,True,False,False,False,False,False,True,1,146.3,336.18,530.01,347.28,6.29,-11.11,146.3,81.99,4,0.2222,0.1142,0.0877,0.1783,0.0358
4.  References  12,"Arial,Bold",10,True,False,False,False,True,True,True,3,70.94,336.18,543.35,347.28,-11.11,6.53,70.94,68.65,4,0.2222,0.0877,0.1146,0.0,0.0019
.............................................................................................................................  .......................................................................................................,Arial,10,False,False,False,False,False,False,True,2,167.07,353.82,529.88,376.45,6.53,-22.63,167.07,82.12,4,0.2222,0.1146,0.0701,0.2275,0.0361
4.1  Trademarks  12  4.2  Documents and Web Sites 12,Arial,10,False,False,False,False,False,True,True,9,80.9,353.82,543.36,376.45,-22.63,342.27,80.9,68.64,4,0.2222,0.0701,0.6265,0.0236,0.0019
"Version 2014  Page 4 of 12  May 31, 2014",Trebuchet MS,10,False,False,False,False,True,True,False,9,76.6,718.71,533.15,730.11,342.27,6.78,76.6,78.85,4,0.2222,0.6265,0.115,0.0134,0.0278
© International Software Testing Qualifications Board,Arial,6,False,False,True,False,False,False,False,6,76.58,736.89,219.29,743.58,6.78,48.42,76.58,392.71,4,0.0,0.115,0.1785,0.0134,0.8263
International  Overview  Software Testing  Foundation Level Extension –   Agile Tester  Qualifications,Arial,10,False,False,False,False,False,False,False,11,74.42,38.63,515.69,72.77,-36.52,-11.11,74.42,96.31,5,0.2222,0.049,0.0877,0.0083,0.0722
Board,Arial,10,False,False,False,False,False,False,False,1,493.55,61.67,522.84,72.77,-11.11,36.16,493.55,89.16,5,0.2222,0.0877,0.1598,1.0,0.0541
Acknowledgements,Arial,16,False,False,False,False,False,False,False,1,70.94,108.94,213.74,126.73,36.16,18.11,70.94,398.26,5,0.5556,0.1598,0.1323,0.0,0.8404
This document was produced by a team from the International Software Testing Qualifications Board  Foundation Level Working Group.,Arial,10,False,False,False,False,False,False,True,18,70.94,144.85,518.44,167.36,18.11,11.93,70.94,93.56,5,0.2222,0.1323,0.1228,0.0,0.0653
The Agile Extension team thanks the review team and the National Boards for their suggestions and input.,Arial,10,False,False,False,False,True,False,True,17,70.94,179.29,542.42,190.39,11.93,11.93,70.94,69.58,5,0.2222,0.1228,0.1228,0.0,0.0042
"At the time the Foundation Level Agile Extension Syllabus was completed, the Agile Extension Working  Group had the following membership: Rex Black (Chair), Bertrand Cornanguer (Vice Chair), Gerry  Coleman (Learning Objectives Lead), Debra Friedenberg (Exam Lead), Alon Linetzki (Business Outcomes  and Marketing Lead), Tauhida Parveen (Editor), and Leo van der Aalst (Development Lead).",Arial,10,False,False,False,False,True,False,True,53,70.94,202.33,542.88,247.91,11.93,11.93,70.94,69.12,5,0.2222,0.1228,0.1228,0.0,0.0031
"Authors: Rex Black, Anders Claesson, Gerry Coleman, Bertrand Cornanguer, Istvan Forgacs, Alon  Linetzki, Tilo Linz, Leo van der Aalst, Marie Walsh, and Stephan Weber.",Arial,10,False,False,False,False,False,False,True,24,70.94,259.84,509.54,282.47,11.93,11.81,70.94,102.46,5,0.2222,0.1228,0.1227,0.0,0.0879
"Internal Reviewers: Mette Bruhn-Pedersen, Christopher Clements, Alessandro Collino, Debra  Friedenberg, Kari Kakkonen, Beata Karpinska, Sammy Kolluru, Jennifer Leger, Thomas Mueller, Tuula  Pääkkönen, Meile Posthuma, Gabor Puhalla, Lloyd Roden, Marko Rytkönen, Monika Stoecklein-Olsen,  Robert Treffny, Chris Van Bael, and Erik van Veenendaal.",Arial,10,False,False,False,False,False,False,True,41,70.94,294.29,529.53,339.96,11.81,11.81,70.94,82.47,5,0.2222,0.1227,0.1227,0.0,0.037
"The team thanks also the following persons, from the National Boards and the Agile expert community,  who participated in reviewing, commenting, and balloting of the Foundation Agile Extension Syllabus: Dani  Almog, Richard Berns, Stephen Bird, Monika Bögge, Afeng Chai, Josephine Crawford, Tibor Csöndes,  Huba Demeter, Arnaud Foucal, Cyril Fumery, Kobi Halperin, Inga Hansen, Hanne Hinz, Jidong Hu, Phill  Isles, Shirley Itah, Martin Klonk, Kjell Lauren, Igal Levi, Rik Marselis, Johan Meivert, Armin Metzger, Peter  Morgan,   Ninna Morin,   Ingvar Nordstrom,   Chris   O’Dea,   Klaus   Olsen, Ismo   Paukamainen,   Nathalie Phung,   Helmut Pichler, Salvatore Reale, Stuart Reid, Hans Rombouts, Petri Säilynoja, Soile Sainio, Lars-Erik  Sandberg, Dakar Shalom,  Jian Shen, Marco Sogliani, Lucjan Stapp, Yaron Tsubery, Sabine Uhde,  Stephanie Ulrich, Tommi Välimäki, Jurian Van de Laar, Marnix Van den Ent, António Vieira Melo, Wenye  Xu, Ester Zabar, Wenqiang Zheng, Peter Zimmerer, Stevan Zivanovic, and Terry Zuo.",Arial,10,False,False,False,False,True,False,True,141,70.94,351.78,542.87,466.49,11.81,11.81,70.94,69.13,5,0.2222,0.1227,0.1227,0.0,0.0031
"This document was formally approved for release by the General Assembly of the ISTQB® on May 31,  2014.",Arial,10,False,False,False,False,False,True,True,18,70.94,478.31,526.28,500.94,11.81,217.81,70.94,85.72,5,0.2222,0.1227,0.4368,0.0,0.0453
"Version 2014  Page 5 of 12  May 31, 2014",Trebuchet MS,10,False,False,False,False,True,True,False,9,76.58,718.74,533.13,730.14,217.81,6.75,76.58,78.87,5,0.2222,0.4368,0.1149,0.0134,0.0279
© International Software Testing Qualifications Board,Arial,6,False,False,True,False,False,False,False,6,76.58,736.89,219.29,743.58,6.75,48.42,76.58,392.71,5,0.0,0.1149,0.1785,0.0134,0.8263
International  Overview  Software Testing  Foundation Level Extension –   Agile Tester,Arial,10,False,False,False,False,False,False,False,10,74.42,38.63,515.69,70.24,-36.52,-8.57,74.42,96.31,6,0.2222,0.049,0.0916,0.0083,0.0722
Qualifications Board,Arial,10,False,False,False,False,False,False,False,2,430.75,61.67,522.84,72.77,-8.57,50.2,430.75,89.16,6,0.2222,0.0916,0.1812,0.8514,0.0541
1.  Introduction to the Foundation Level Extensions,Arial,16,True,False,True,False,False,True,True,7,70.94,122.98,466.02,140.77,50.2,5.51,70.94,145.98,6,0.5556,0.1812,0.113,0.0,0.1986
This overview document is intended for anyone with an interest in the ISTQB Foundation Level  Extensions who wants a high-level introduction to the leading principles and an overview of the individual  extension syllabi.,Arial,10,False,False,False,False,True,False,True,33,70.94,146.29,543.97,180.44,5.51,11.81,70.94,68.03,6,0.2222,0.113,0.1227,0.0,0.0003
"From time to time, ISTQB will update this document to reflect any additional extensions that shall be  introduced for the Foundation Level, or to reflect major changes in existing ones. Publications of the  updated document will be available on the ISTQB website.",Arial,10,False,False,False,False,True,False,True,42,70.94,192.25,544.09,226.4,11.81,11.96,70.94,67.91,6,0.2222,0.1227,0.1229,0.0,0.0
"The ISTQB Foundation and Advanced Level syllabi have been defined and have been on the market for  some time. New topics emerge due to technology and methodology changes in the market which often  are brought into the ISTQB program as new Expert Level syllabi. However, not all topics are suited for the  Expert Level. For this reason, the extension syllabi are established at the Foundation Level to expand the  ISTQB program to incorporate new or updated knowledge. New extensions shall be discussed and  introduced by the ISTQB periodically. Extensions may be established at the Advanced Level as well, but  that is beyond the scope of this document.",Arial,10,False,False,False,False,True,False,True,107,70.94,238.37,544.08,318.49,11.96,11.81,70.94,67.92,6,0.2222,0.1229,0.1227,0.0,0.0
The following Foundation Level Extension syllabus has been released:,Arial,10,False,False,False,False,False,False,False,9,70.94,330.31,385.53,341.41,11.81,-0.34,70.94,226.47,6,0.2222,0.1227,0.1041,0.0,0.4034
   Agile Tester,Symbol,10,False,False,False,False,False,False,False,3,88.95,341.07,163.03,354.36,-0.34,11.11,88.95,448.97,6,0.2222,0.1041,0.1216,0.0426,0.9694
"In this document, each Foundation Level Extension syllabus is summarized and the associated Business  Outcomes are stated. The Business Outcomes communicate what can be expected from a person who  achieves a Foundation Level Extension Certification in a particular subject area (e.g., Agile Tester), and  will outline the benefits for companies that are considering the development of specific testing skills at this  level.",Arial,10,False,False,False,False,True,False,True,62,70.95,365.47,544.06,422.69,11.11,296.04,70.95,67.94,6,0.2222,0.1216,0.556,0.0,0.0001
"Version 2014  Page 6 of 12  May 31, 2014",Trebuchet MS,10,False,False,False,False,True,True,False,9,76.59,718.73,533.14,730.12,296.04,6.77,76.59,78.86,6,0.2222,0.556,0.115,0.0134,0.0279
© International Software Testing Qualifications Board,Arial,6,False,False,True,False,False,False,False,6,76.58,736.89,219.29,743.58,6.77,48.42,76.58,392.71,6,0.0,0.115,0.1785,0.0134,0.8263
International  Overview  Software Testing  Foundation Level Extension –   Agile Tester,Arial,10,False,False,False,False,False,False,False,10,74.42,38.63,515.69,70.24,-36.52,-8.57,74.42,96.31,7,0.2222,0.049,0.0916,0.0083,0.0722
Qualifications Board,Arial,10,False,False,False,False,False,False,False,2,430.75,61.67,522.84,72.77,-8.57,50.2,430.75,89.16,7,0.2222,0.0916,0.1812,0.8514,0.0541
2.  Introduction to Foundation Level Agile Tester Extension,Arial,16,True,False,True,False,False,True,True,8,70.94,122.98,523.07,140.77,50.2,4.04,70.94,88.93,7,0.5556,0.1812,0.1108,0.0,0.0535
"The certification for Foundation Level Extension –   Agile Tester is designed for professionals who are  working within Agile environments. It is also for professionals who are planning to start implementing  Agile methods in the near future, or are working within companies that plan to do so, The certification  provides an advantage for those who would like to know the required Agile activities, roles, methods, and  methodologies specific to their role.",Arial,10,False,False,False,False,True,False,True,70,70.94,144.81,544.09,203.37,4.04,13.99,70.94,67.91,7,0.2222,0.1108,0.126,0.0,0.0
2.1 Intended Audience,Arial,14,False,False,True,False,False,True,True,3,70.94,217.35,218.72,233.01,13.99,6.39,70.94,393.28,7,0.4444,0.126,0.1144,0.0,0.8277
The Foundation Level Extension –   Agile Tester qualification is aimed at four main groups of professionals:,Arial,10,False,False,False,False,True,False,False,16,70.94,239.4,541.66,252.69,6.39,-0.29,70.94,70.34,7,0.2222,0.1144,0.1042,0.0,0.0062
"1. Professionals who have achieved in-depth testing experience in traditional methods and would  like to get an Agile Tester Certificate.  2. Junior professional testers who are just starting in the testing profession, have received the  Foundation Level certificate, and would like to know more about   the   tester’s   role in an Agile  environment.  3. Professionals who are relatively new to testing and are required to implement test approaches,  methods and techniques in their day to day job in Agile projects.  4. Professionals who are experienced in their role (including unit testing) and need more  understanding and knowledge about how to perform and manage testing on all levels in Agile  projects.",Arial,10,False,False,False,False,False,True,True,109,88.94,252.4,544.09,367.1,-0.29,11.81,88.94,67.91,7,0.2222,0.1042,0.1227,0.0426,0.0
"These professionals include people who are in roles such as testers, test analysts, test engineers, test  consultants, test managers, user acceptance testers, and software developers.",Arial,10,False,False,False,False,True,False,True,25,70.96,378.91,543.98,401.56,11.81,10.46,70.96,68.02,7,0.2222,0.1227,0.1206,0.0001,0.0003
"This Foundation Level Extension –   Agile Tester certification may also be appropriate for anyone who  wants a deeper understanding of software testing in the Agile world, such as project managers, quality  managers, software development managers, business analysts, IT directors, and management  consultants.",Arial,10,False,False,False,False,True,False,True,42,70.97,412.02,543.88,459.05,10.46,25.47,70.97,68.12,7,0.2222,0.1206,0.1435,0.0001,0.0005
2.2 Career Paths for Testers,Arial,14,False,False,True,False,False,True,True,5,70.94,484.52,255.16,500.18,25.47,7.84,70.94,356.84,7,0.4444,0.1435,0.1166,0.0,0.735
"Building on the Foundation Level, the Agile Tester Extension supports the definition of career paths for  professional testers. A person with the Agile Tester certificate has extended the broad understanding of  testing acquired at the Foundation Level to enable him or her to work effectively as a professional tester in  an Agile project.",Arial,10,False,False,False,False,True,False,True,53,70.94,508.02,543.97,553.57,7.84,10.49,70.94,68.03,7,0.2222,0.1166,0.1206,0.0,0.0003
People possessing an ISTQB Foundation Level Extension –   Agile Tester certificate may use the Certified  Tester Foundation Level acronym CTFL-AT.,Arial,10,False,False,False,False,True,False,True,20,70.96,564.06,543.84,588.16,10.49,25.51,70.96,68.16,7,0.2222,0.1206,0.1435,0.0001,0.0006
2.3 Learning Objectives,Arial,14,False,False,True,False,False,True,True,3,70.94,613.67,225.6,629.33,25.51,7.84,70.94,386.4,7,0.4444,0.1435,0.1166,0.0,0.8102
"In general, the Foundation Level syllabus is examinable at a K1 level, i.e., the candidate will recognize,  remember and recall terms and concepts stated in the Foundation Level syllabus.",Arial,10,False,False,False,False,True,True,True,29,70.94,637.17,543.8,659.8,7.84,11.81,70.94,68.2,7,0.2222,0.1166,0.1227,0.0,0.0007
"In addition, all Foundation Level syllabus learning objectives are examinable at the same K- level in an  extension exam.",Arial,10,False,False,False,False,True,False,True,19,70.94,671.61,543.91,694.23,11.81,24.46,70.94,68.09,7,0.2222,0.1227,0.1419,0.0,0.0005
"Version 2014  Page 7 of 12  May 31, 2014",Trebuchet MS,10,False,False,False,False,True,True,False,9,76.58,718.69,533.13,730.08,24.46,6.81,76.58,78.87,7,0.2222,0.1419,0.115,0.0134,0.0279
© International Software Testing Qualifications Board,Arial,6,False,False,True,False,False,False,False,6,76.58,736.89,219.29,743.58,6.81,48.42,76.58,392.71,7,0.0,0.115,0.1785,0.0134,0.8263
International  Overview  Software Testing  Foundation Level Extension –   Agile Tester,Arial,10,False,False,False,False,False,False,False,10,74.42,38.63,515.69,70.24,-36.52,-8.57,74.42,96.31,8,0.2222,0.049,0.0916,0.0083,0.0722
Qualifications Board,Arial,10,False,False,False,False,False,False,False,2,430.75,61.67,522.84,72.77,-8.57,36.07,430.75,89.16,8,0.2222,0.0916,0.1596,0.8514,0.0541
"That said, each extension level exam focuses on the learning objectives defined in that extension  syllabus. The relevant learning objectives at K1, K2, and K3 levels are provided at the beginning of each  chapter within each particular extension syllabus.",Arial,10,False,False,False,False,True,True,True,39,70.94,108.85,543.8,143.0,36.07,13.99,70.94,68.2,8,0.2222,0.1596,0.126,0.0,0.0007
2.4 Entry Requirements,Arial,14,False,False,True,False,False,True,True,3,70.94,156.99,225.63,172.65,13.99,6.36,70.94,386.37,8,0.4444,0.126,0.1143,0.0,0.8101
"To be able to participate in a Foundation Level Extension –   Agile Tester exam, candidates must have  obtained the ISTQB Foundation Level certificate.",Arial,10,False,False,False,False,True,False,True,23,70.94,179.01,543.95,203.12,6.36,14.0,70.94,68.05,8,0.2222,0.1143,0.126,0.0,0.0004
2.5 Structure and Course Duration,Arial,14,False,False,True,False,False,True,True,5,70.94,217.11,291.95,232.77,14.0,6.39,70.94,320.05,8,0.4444,0.126,0.1144,0.0,0.6414
The Foundation Level Extension –   Agile Tester syllabus has no shared or common elements with the  Foundation Level syllabus.,Arial,10,False,False,False,False,True,False,True,19,70.94,239.16,543.84,263.27,6.39,11.81,70.94,68.16,8,0.2222,0.1144,0.1227,0.0,0.0006
The syllabi must be taught in the following minimum number of days:,Arial,10,False,False,False,False,False,False,False,12,70.94,275.08,377.06,286.18,11.81,15.29,70.94,234.94,8,0.2222,0.1227,0.128,0.0,0.4249
Syllabus  Days,"Arial,Bold",10,True,False,False,False,True,False,False,2,212.21,301.48,395.0,312.58,15.29,7.01,212.21,217.0,8,0.2222,0.128,0.1153,0.3343,0.3793
Baseline: Foundation  3,Arial,10,False,False,False,False,False,True,False,3,212.21,319.6,385.9,330.7,7.01,6.89,212.21,226.1,8,0.2222,0.1153,0.1152,0.3343,0.4024
Extension: Agile Tester  2,Arial,10,False,False,False,False,False,True,False,4,212.21,337.6,385.9,348.7,6.89,18.41,212.21,226.1,8,0.2222,0.1152,0.1327,0.3343,0.4024
The following figure shows the structure of the Agile Tester Extension and its relationship to the  Foundation Level.,Arial,10,False,False,False,False,True,False,True,18,70.94,367.12,543.92,389.75,18.41,11.55,70.94,68.08,8,0.2222,0.1327,0.1223,0.0,0.0004
"Version 2014  Page 8 of 12  May 31, 2014",Trebuchet MS,10,False,False,False,False,True,True,False,9,76.58,718.69,533.13,730.08,31.79,6.81,76.58,78.87,8,0.2222,0.1531,0.115,0.0134,0.0279
© International Software Testing Qualifications Board,Arial,6,False,False,True,False,False,False,False,6,76.58,736.89,219.29,743.58,6.81,48.42,76.58,392.71,8,0.0,0.115,0.1785,0.0134,0.8263
International  Overview  Software Testing  Foundation Level Extension –   Agile Tester,Arial,10,False,False,False,False,False,False,False,10,74.42,38.63,515.69,70.24,-36.52,-8.57,74.42,96.31,9,0.2222,0.049,0.0916,0.0083,0.0722
Qualifications Board,Arial,10,False,False,False,False,False,False,False,2,430.75,61.67,522.84,72.77,-8.57,61.18,430.75,89.16,9,0.2222,0.0916,0.1979,0.8514,0.0541
2.6 Keeping It Current,Arial,14,False,False,True,False,False,True,True,4,70.94,133.95,215.52,149.61,61.18,7.84,70.94,396.48,9,0.4444,0.1979,0.1166,0.0,0.8358
"The software industry changes rapidly. To deal with these changes and to provide the stakeholders with  access to relevant and current information, the ISTQB working groups have created links on the  www.istqb.org web site which refer to supporting documents, changes to standards and new occurrences  in the industry. This information is not examinable under this syllabus.",Arial,10,False,False,False,False,True,False,True,56,70.94,157.45,543.96,203.12,7.84,515.58,70.94,68.04,9,0.2222,0.1166,0.8908,0.0,0.0003
"Version 2014  Page 9 of 12  May 31, 2014",Trebuchet MS,10,False,False,False,False,True,True,False,9,76.58,718.7,533.13,730.1,515.58,6.79,76.58,78.87,9,0.2222,0.8908,0.115,0.0134,0.0279
© International Software Testing Qualifications Board,Arial,6,False,False,True,False,False,False,False,6,76.58,736.89,219.29,743.58,6.79,48.42,76.58,392.71,9,0.0,0.115,0.1785,0.0134,0.8263
International  Overview  Software Testing  Foundation Level Extension –   Agile Tester,Arial,10,False,False,False,False,False,False,False,10,74.42,38.63,515.69,70.24,-36.52,-8.57,74.42,96.31,10,0.2222,0.049,0.0916,0.0083,0.0722
Qualifications Board,Arial,10,False,False,False,False,False,False,False,2,430.75,61.67,522.84,72.77,-8.57,44.72,430.75,89.16,10,0.2222,0.0916,0.1728,0.8514,0.0541
3.  Overview of the Foundation Level Extension –   Agile Tester Syllabus,"Arial,Bold",16,True,False,True,False,True,True,True,11,70.94,117.49,541.04,156.13,44.72,31.82,70.94,70.96,10,0.5556,0.1728,0.1532,0.0,0.0078
3.1 Business Outcomes,Arial,14,False,False,True,False,False,True,True,3,70.94,187.95,226.28,203.61,31.82,7.84,70.94,385.72,10,0.4444,0.1532,0.1166,0.0,0.8085
This section lists the Business Outcomes expected of a candidate who has achieved the Foundation Level  Extension –   Agile Tester certification.,Arial,10,False,False,False,False,True,False,True,21,70.94,211.45,543.52,234.78,7.84,9.66,70.94,68.48,10,0.2222,0.1166,0.1194,0.0,0.0015
An Agile Tester can…,Arial,10,False,False,False,False,False,False,False,4,70.93,244.44,170.65,257.73,9.66,11.23,70.93,441.35,10,0.2222,0.1194,0.1218,0.0,0.95
AFM1  Collaborate in a cross-functional Agile team being familiar with principles and basic  practices of Agile software development.,Arial,10,False,False,False,False,True,True,True,18,107.78,268.96,514.0,291.58,11.23,11.93,107.78,98.0,10,0.2222,0.1218,0.1228,0.0872,0.0765
AFM2  Adapt existing testing experience and knowledge to Agile values and principles.,Arial,10,False,False,False,False,True,True,True,12,107.78,303.52,500.04,314.62,11.93,13.85,107.78,111.96,10,0.2222,0.1228,0.1258,0.0872,0.1121
AFM3  Support the Agile team in planning test-related activities.,Arial,10,False,False,False,False,False,True,True,9,107.78,328.48,397.77,339.58,13.85,13.97,107.78,214.23,10,0.2222,0.1258,0.1259,0.0872,0.3722
AFM4  Apply relevant methods and techniques for testing in an Agile project.,Arial,10,False,False,False,False,False,True,True,12,107.78,353.56,455.01,364.66,13.97,13.97,107.78,156.99,10,0.2222,0.1259,0.1259,0.0872,0.2266
AFM5  Assist the Agile team in test automation activities.,Arial,10,False,False,False,False,False,True,True,9,107.78,378.64,367.29,389.74,13.97,13.99,107.78,244.71,10,0.2222,0.1259,0.126,0.0872,0.4498
"AFM6  Assist business stakeholders in defining understandable and testable user stories,  scenarios, requirements and acceptance criteria as appropriate.",Arial,10,False,False,False,False,True,True,True,18,107.78,403.74,510.95,426.24,13.99,11.93,107.78,101.05,10,0.2222,0.126,0.1228,0.0872,0.0843
AFM7  Work and share information with other team members using effective communication  styles and channels.,Arial,10,False,False,False,False,False,True,True,15,107.78,438.18,522.93,460.8,11.93,22.58,107.78,89.07,10,0.2222,0.1228,0.1391,0.0872,0.0538
"In general, a Certified Tester Foundation Level –   Agile Tester is expected to have acquired the necessary  skills to working effectively within an Agile team and environment.",Arial,10,False,False,False,False,True,False,True,27,70.94,483.38,539.54,507.49,22.58,25.52,70.94,72.46,10,0.2222,0.1391,0.1436,0.0,0.0116
3.2 Content,Arial,14,False,False,True,False,False,True,True,2,70.94,533.0,150.99,548.66,25.52,7.87,70.94,461.01,10,0.4444,0.1436,0.1166,0.0,1.0
Chapter 1: Agile Software Development,Arial,10,False,False,False,False,False,True,False,5,70.94,556.53,249.17,567.63,7.87,-0.34,70.94,362.83,10,0.2222,0.1166,0.1041,0.0,0.7502
"   The tester should remember the basic concept of Agile software development based on the Agile  Manifesto.     The tester should understand the advantages of the whole-team approach and the benefits of  early and frequent feedback.     The tester should recall Agile software development approaches.     The tester should be able to write testable user stories in collaboration with developers and  business representatives.     The tester should understand how retrospectives can be used as a mechanism for process  improvement in Agile projects.     The tester should understand the use and purpose of continuous integration.     The tester should know the differences between iteration and release planning, and how a tester  adds value in each of these activities.",Arial,10,False,False,False,False,False,False,True,117,88.94,567.29,543.89,710.34,-0.34,8.38,88.94,68.11,10,0.2222,0.1041,0.1174,0.0426,0.0005
"Version 2014  Page 10 of 12  May 31, 2014",Trebuchet MS,10,False,False,False,False,True,True,False,9,76.58,718.71,533.13,730.11,8.38,6.78,76.58,78.87,10,0.2222,0.1174,0.115,0.0134,0.0279
© International Software Testing Qualifications Board,Arial,6,False,False,True,False,False,False,False,6,76.58,736.89,219.29,743.58,6.78,48.42,76.58,392.71,10,0.0,0.115,0.1785,0.0134,0.8263
International  Overview  Software Testing  Foundation Level Extension –   Agile Tester  Qualifications,Arial,10,False,False,False,False,False,False,False,11,74.42,38.63,515.69,72.77,-36.52,-11.11,74.42,96.31,11,0.2222,0.049,0.0877,0.0083,0.0722
Board,Arial,10,False,False,False,False,False,False,False,1,493.55,61.67,522.84,72.77,-11.11,36.07,493.55,89.16,11,0.2222,0.0877,0.1596,1.0,0.0541
"Chapter 2: Fundamental Agile Testing Principles, Practices, and Processes",Arial,10,False,False,False,False,False,True,False,9,70.94,108.85,406.35,119.95,36.07,-0.34,70.94,205.65,11,0.2222,0.1596,0.1041,0.0,0.3504
"   The tester should be able to describe the differences between testing activities in Agile projects  and non-Agile projects.     The tester should be able to describe how development and testing activities are integrated in  Agile projects.     The tester should be able to describe the role of independent testing in Agile projects.     The tester should be able to describe the tools and techniques used to communicate the status of  testing in an Agile project, including test progress and product quality.     The tester should be able to describe the process of evolving tests across multiple iterations and  explain why test automation is important to manage regression risk in Agile projects.     The tester should understand the skills (people, domain, and testing) of a tester in an Agile team.     The tester should be able to understand the role of a tester within an Agile team.",Arial,10,False,False,False,False,False,False,True,147,88.94,119.61,543.8,251.99,-0.34,11.11,88.94,68.2,11,0.2222,0.1041,0.1216,0.0426,0.0007
"Chapter 3: Agile Testing Methods, Techniques, and Tools",Arial,10,False,False,False,False,False,True,False,8,70.94,263.1,328.55,274.2,11.11,-0.34,70.94,283.45,11,0.2222,0.1216,0.1041,0.0,0.5483
"   The tester should be able to recall the concepts of test-driven development, acceptance test- driven development, and behavior-driven development.     The tester should be able to recall the concepts of the test pyramid.     The tester should be able to summarize the testing quadrants and their relationships with testing  levels and testing types.     For a given Agile project, the tester should be able to work as a tester in a Scrum team.     The tester should be able to assess quality risks within an Agile project.     The tester should be able to estimate testing effort based on iteration content and quality risks.     The tester should be able to interpret relevant information to support testing activities.     The tester should be able to explain to business stakeholders how to define testable acceptance  criteria.     Given a user story, the tester should be able to write acceptance test-driven development test  cases.     For both functional and non-functional behavior, the tester should be able to write test cases using  black box test design techniques based on given user stories.     The tester should be able to perform exploratory testing to support the testing of an Agile project.     The tester should be able to recall different tools available to testers according to their purpose  and to activities in Agile projects.",Arial,10,False,False,False,False,False,False,True,221,88.94,273.86,543.95,489.42,-0.34,229.33,88.94,68.05,11,0.2222,0.1041,0.4543,0.0426,0.0004
"Version 2014  Page 11 of 12  May 31, 2014",Trebuchet MS,10,False,False,False,False,True,True,False,9,76.58,718.75,533.13,730.14,229.33,6.75,76.58,78.87,11,0.2222,0.4543,0.1149,0.0134,0.0279
© International Software Testing Qualifications Board,Arial,6,False,False,True,False,False,False,False,6,76.58,736.89,219.29,743.58,6.75,48.42,76.58,392.71,11,0.0,0.1149,0.1785,0.0134,0.8263
International  Overview  Software Testing  Foundation Level Extension –   Agile Tester,Arial,10,False,False,False,False,False,False,False,10,74.42,38.63,515.69,70.24,-36.52,-8.57,74.42,96.31,12,0.2222,0.049,0.0916,0.0083,0.0722
Qualifications Board,Arial,10,False,False,False,False,False,False,False,2,430.75,61.67,522.84,72.77,-8.57,50.2,430.75,89.16,12,0.2222,0.0916,0.1812,0.8514,0.0541
4.  References,Arial,16,True,False,True,False,False,True,True,2,70.94,122.98,184.21,140.77,50.2,30.62,70.94,427.79,12,0.5556,0.1812,0.1513,0.0,0.9155
4.1 Trademarks,Arial,14,False,False,True,False,False,True,True,2,70.94,171.39,176.55,187.05,30.62,7.84,70.94,435.45,12,0.4444,0.1513,0.1166,0.0,0.935
The following registered trademarks and service marks are used in this document:,Arial,10,False,False,False,False,False,False,False,12,70.94,194.89,436.23,205.99,7.84,13.04,70.94,175.77,12,0.2222,0.1166,0.1245,0.0,0.2744
ISTQB ®  is a registered trademark of the International Software Testing Qualifications Board,Arial,10,False,False,False,False,False,False,False,13,70.94,219.04,477.04,232.03,13.04,25.44,70.94,134.96,12,0.2222,0.1245,0.1434,0.0,0.1706
4.2 Documents and Web Sites,Arial,14,False,False,True,False,False,True,True,5,70.94,257.46,267.76,273.12,25.44,7.72,70.94,344.24,12,0.4444,0.1434,0.1164,0.0,0.703
Identifier  Reference  [ISTQB-Web]  Web site of the International Software Testing Qualifications Board. Refer  to this website for the latest ISTQB Glossary and Syllabi. (www.istqb.org),Arial,10,True,False,False,False,False,False,True,24,76.34,280.84,520.48,318.1,7.72,400.59,76.34,91.52,12,0.2222,0.1164,0.7154,0.0128,0.0601
"Version 2014  Page 12 of 12  May 31, 2014",Trebuchet MS,10,False,False,False,False,True,True,False,9,76.58,718.69,533.13,730.08,400.59,6.81,76.58,78.87,12,0.2222,0.7154,0.115,0.0134,0.0279
© International Software Testing Qualifications Board,Arial,6,False,False,True,False,False,False,False,6,76.58,736.89,219.29,743.58,6.81,48.42,76.58,392.71,12,0.0,0.115,0.1785,0.0134,0.8263
